Код,Номер распоряжения,Район,Адрес,Вид ограничения,Производитель работ,Инн подрядчика,Заказчик,Инн заказчика,Дата начала ограничения,Дата окончания ограничения
184113,745 -2012,адмиралтейский,"наб.крюкова кан., от щепяного пер. до садовой ул.",огранич.движения,ао 'никольские ряды',7826729992,ао 'никольские ряды',7826729992,20.07.2012,05.04.2017
184114,746 -2012,адмиралтейский,"садовая ул., от наб. крюкова канала до никольского пер.",огранич.движения,ао 'никольские ряды',7826729992,ао 'никольские ряды',7826729992,20.07.2012,05.04.2017
184115,747 -2012,адмиралтейский,"никольский пер., от садовой ул. до щепяного пер.",огранич.движения,ао 'никольские ряды',7826729992,ао 'никольские ряды',7826729992,20.07.2012,05.04.2017
184117,748 -2012,адмиралтейский,"щепяной пер., от никольского пер. до наб. крюкова канала",полное закрытие дв.,ао 'никольские ряды',7826729992,ао 'никольские ряды',7826729992,20.07.2012,05.04.2017
202576,1688 -2013,выборгский,"пр.просвещения, (боковой проезд) от пр. художников до ул. кустодиева",полное закрытие дв.,ооо 'мост-сервис',7816087383,спб гку 'управление заказчика',7840014918,01.11.2013,15.06.2014
203285,85 -2014,центральный,"поварской пер., от стремянной ул. до колокольной ул.",огранич.движения,ооо 'невский',7838405400,ооо 'невский',7838405400,28.02.2014,20.06.2014
204006,142 -2014,центральный,конюшенная пл.,огранич.движения,ооо 'содис строй',7816237350,зао 'оранж-девелопмент',4720018560,18.03.2014,14.12.2015
204008,143 -2014,центральный,"конюшенный пер., от наб. реки мойки до конюшенной пл.",огранич.движения,ооо 'содис строй',7816237350,зао 'оранж-девелопмент',4720018560,18.03.2014,14.12.2015
204012,144 -2014,центральный,"наб.р.мойки, (четная сторона) от театрального моста до большого конюшенного моста",полное закрытие дв.,ооо 'содис строй',7816237350,зао 'оранж-девелопмент',4720018560,18.03.2014,14.12.2015
204014,145 -2014,центральный,"наб.кан.грибоедова, (нечетная сторона) от театрального моста до ново-конюшенного моста",полное закрытие дв.,ооо 'содис строй',7816237350,зао 'оранж-девелопмент',4720018560,18.03.2014,14.12.2015
205601,243 -2014,адмиралтейский,"ул.красуцкого, от московского пр. до конца улицы",огранич.движения,зао 'юит санкт-петербург',7814313164,зао 'юит санкт-петербург',7814313164,21.04.2014,03.02.2016
206205,289 -2014,фрунзенский,"бухарестская ул., от ул. димитрова до пр. славы",огранич.движения,зао 'управление-15 метрострой',7810165638,спб гку 'дирекция транспортного строительства',7825342390,01.05.2014,31.12.2015
209113,633 -2014,петроградский,"корпусная ул., от ул.большой зеленина до ул.малой зеленина",огранич.движения,ооо 'гск № 1',7804456269,ооо 'ик 'строительный трест',7804181303,08.07.2014,20.05.2017
209115,634 -2014,петроградский,"большая зеленина ул., от корпусной ул. до ул.глухой зеленина",огранич.движения,ооо 'гск № 1',7804456269,ооо 'ик 'строительный трест',7804181303,08.07.2014,20.05.2017
211180,1061 -2014,приморский,"туристская ул., от ул. оптиков до  мебельной ул.",полное закрытие дв.,оао 'метрострой',7813046910,спб гку 'дирекция транспортного строительства',7825342390,07.08.2014,31.12.2018
211227,1033 -2014,петроградский,"барочная ул., (нечетная сторон) от левашовского пр. до наб. реки карповки",огранич.движения,ооо 'су-121',4716030420,ооо 'метропаркинг',7816482827,04.08.2014,31.12.2018
211787,1161 -2014,петроградский,"ждановская ул., от петровского пер. до гимназического пер.",огранич.движения,ооо 'ск-балтикс',7807336393,ооо 'экоинвест',7842347415,15.08.2014,31.03.2016
211791,1162 -2014,петроградский,"петровский пер., от ждановской наб. до ждановской ул.",полное закрытие дв.,ооо 'ск-балтикс',7807336393,ооо 'экоинвест',7842347415,16.08.2014,31.03.2016
212607,1348 -2014,петроградский,"футбольная аллея, от северной дороги до велосипедной аллеи",полное закрытие дв.,комитет по строительству,7830002342,комитет по строительству,7830002342,25.08.2014,30.06.2016
217482,2003 -2014,центральный,"дегтярный пер., от заячего пер. до новгородской ул. (этап 3)",полное закрытие дв.,ооо 'электрострой',7811501635,ао 'спб эс',7826074344,26.11.2014,30.05.2015
219005,2113 -2014,кировский,"дор.на турухтанные острова, от кронштадтской ул. до д.24 на турухтанные острова, включая перекрестки",огранич.движения,ооо ук 'росинвестстрой',7810469837,ооо 'галактика',4715015605,22.12.2014,15.02.2015
219119,2139 -2014,фрунзенский,"бухарестская ул., (нечетная сторона) от дунайского пр. до ул.ярослава гашека (этап 1)",огранич.движения,зао 'сму- 11 метрострой',7825103970,спб гку 'дирекция транспортного строительства',7825342390,01.01.2015,31.12.2015
219653,10 -2015,василеостровский,"ул.кораблестроителей, (боковой проезд нечетной стороны) от капитанской ул. до адмиральского проезда",полное закрытие дв.,оао 'метрострой',7813046910,спб гку 'дирекция транспортного строительства',7825342390,18.01.2015,31.12.2015
220014,43 -2015,московский,"заозёрная ул., (нечетная сторона) от наб. обводного канала до смоленской ул.",огранич.движения,зао 'сму-2',7808025665,зао 'северный город',7825005179,27.01.2015,13.11.2018
220742,71 -2015,центральный,"наб.р.фонтанки, от наб. кутузова до ул. оружейника федорова , включая перекресток с ул. чайковского",огранич.движения,ооо 'геоизол',7811077889,спб гку 'дирекция транспортного строительства',7825342390,07.02.2015,20.12.2015
220807,67 -2015,адмиралтейский,"садовая ул., (нечетная сторона) от наб. канала грибоедова до лермонтовского пр.",огранич.движения,ооо 'диамант групп',7839383004,ооо 'диамант групп',7839383004,11.02.2015,31.05.2016
221319,96 -2015,василеостровский,"малый пр.в.о., от наличной ул. до парусной ул. (этап 1)",огранич.движения,ооо 'стис',7805143710,гуп 'водоканал санкт-петербурга',7830000426,28.02.2015,30.06.2016
221659,109 -2015,адмиралтейский,"наб.р.фонтанки, (нечетная сторона) от пер.макаренко до наб. крюкова канала",огранич.движения,ао 'нежилой фонд консалт',7825364604,ао 'нежилой фонд консалт',7825364604,24.02.2015,31.10.2015
221958,125 -2015,адмиралтейский,"пер.лодыгина, от рижского пр. до курляндской ул. (этап 2)",полное закрытие дв.,ооо 'строй-терминал',7811339365,ооо 'вита-строй',7842353923,03.03.2015,31.12.2015
222368,146 -2015,центральный,"9-я советская ул., (нечетная сторона) от греческого пр. до фуражного пер.",огранич.движения,ооо 'профиль',7802182380,ооо 'балт инвест групп',7814470696,17.03.2015,09.12.2015
223134,198 -2015,выборгский,"ул.доктора короткова, от боткинской ул. до конца улицы (этап 1)",полное закрытие дв.,ао 'гуов',7703702341,ао 'гуов',7703702341,27.03.2015,17.01.2016
223360,217 -2015,василеостровский,"малый пр.в.о., от ул.нахимова до парусной ул. (этап 1)",огранич.движения,ооо 'стис',7805143710,гуп 'водоканал санкт-петербурга',7830000426,31.03.2015,30.06.2016
223365,218 -2015,красногвардейский,"малоохтинская наб., (боковой проезд) от большеохтинского моста до малоохтинского моста",закрытие одного напр,ао 'мфк 'лахта центр',7838392359,ао 'мфк 'лахта центр',7838392359,31.03.2015,09.06.2016
223659,230 -2015,выборгский,"поклонногорская ул., от пр. энгельса до железной дороги, включая перекрестки",полное закрытие дв.,оао 'мостоотряд №19',7807002721,спб гку 'дирекция транспортного строительства',7825342390,04.04.2015,20.12.2016
223660,231 -2015,приморский,"поклонногорская ул., от афонской ул. до железной дороги, включая перекрестки",полное закрытие дв.,оао 'мостоотряд №19',7807002721,спб гку 'дирекция транспортного строительства',7825342390,04.04.2015,20.12.2016
223744,242 -2015,центральный,"ул.смольного, от ул. пролетарской диктатуры до смольной наб.",огранич.движения,оао 'мостострой №6',7812046562,арбитражный суд города санкт-петербурга и ленинградской области,7812033997,07.04.2015,30.06.2016
224341,300 -2015,приморский,"туристская ул., от ул. савушкина до приморского пр.",полное закрытие дв.,оао 'метрострой',7813046910,спб гку 'дирекция транспортного строительства',7825342390,17.04.2015,30.04.2017
225025,399 -2015,адмиралтейский,"черноморский пер., от азовского пер. до керченского пер. (этапы 1 и 2 последовательно)",огранич.движения,ооо 'нрф 'мир',7813451644,ооо 'дворец м.м.романова',7838508194,30.04.2015,17.12.2015
225026,400 -2015,адмиралтейский,"азовский пер., в створе черноморского пер. (этап 1 и 2 последовательно)",огранич.движения,ооо 'нрф 'мир',7813451644,ооо 'дворец м.м.романова',7838508194,30.04.2015,17.12.2015
225181,417 -2015,адмиралтейский,"наб.р.фонтанки, у д.100 от введенского канала до малого казачьего пер. (этапы 1,2,3 последовательно)",огранич.движения,ооо 'проектсвязьстрой',7839447890,фсб россии,7702232171,01.05.2015,07.03.2016
225223,418 -2015,московский,"черниговская ул., от ново-рыбинской ул. до московского пр. (этап 7)",закрытие одного напр,ооо 'таткабель',1624011485,ооо 'ск 'нострум',7802778528,05.05.2015,31.05.2015
225439,472 -2015,невский,"ул.лопатина, от пр.солидарности до ул.коллонтай, без перекрестка с ул.подвойского",полное закрытие дв.,ооо 'петроком',7805004441,спб гку 'управление заказчика',7840014918,09.05.2015,01.06.2015
226162,633 -2015,петроградский,"ул.котовского, от большой монетной ул. до ул.мира",огранич.движения,ооо 'к55',7801500760,ооо 'к55',7801500760,23.05.2015,11.03.2017
226164,634 -2015,петроградский,"ул.мира, у ул.котовского",огранич.движения,ооо 'к55',7801500760,ооо 'к55',7801500760,23.05.2015,11.03.2017
226608,668 -2015,петроградский,"ул.рентгена, (нечетная сторона) от ул. льва толстого до ул. чапаева",огранич.движения,зао 'су-11',7805111475,ооо 'строй-импульс',7813343462,30.05.2015,30.03.2016
227838,886 -2015,василеостровский,"большой пр.в.о., (четная сторона,боковой проезд) от 10-й линии в.о. до 9-й линии в.о.",полное закрытие дв.,ооо 'стройкомплект',7804300920,ао 'балтстрой',7804079525,19.06.2015,31.03.2016
227839,887 -2015,василеостровский,"г. санкт-петербург, 10-11 линии в.о. от большого пр. в.о. до наб. лейтенанта шмидта",огранич.движения,ооо 'стройкомплект',7804300920,ао 'балтстрой',7804079525,19.06.2015,31.03.2016
227841,888 -2015,василеостровский,"кадетский пер., от 9-й линии в.о. до 10-й линии в.о.",полное закрытие дв.,ооо 'стройкомплект',7804300920,ао 'балтстрой',7804079525,19.06.2015,31.03.2016
227981,889 -2015,василеостровский,"г. санкт-петербург, 14-15 линия в.о. от камской ул. до конца улицы",огранич.движения,ооо 'стик',7813397860,комитет по строительству,7830002342,22.06.2015,15.12.2015
227982,890 -2015,василеостровский,"камская ул., от 14-15 линии в.о. до смоленского моста",огранич.движения,ооо 'стик',7813397860,комитет по строительству,7830002342,22.06.2015,15.12.2015
228946,1001 -2015,адмиралтейский,"пер.матвеева, от ул.декабристов до наб.реки мойки",закрытие одного напр,ооо 'по 'усп',7802229398,ооо 'особняк',7839468603,21.08.2015,18.02.2016
228947,1002 -2015,адмиралтейский,"наб.р.мойки, (четная сторона) от наб.крюкова канала (нечетная сторона) до пер.матвеева",огранич.движения,ооо 'по 'усп',7802229398,ооо 'особняк',7839468603,21.08.2015,18.02.2016
228948,1003 -2015,адмиралтейский,"наб.крюкова кан., (нечетная сторона) от наб.реки мойки до ул.декабристов",полное закрытие дв.,ооо 'по 'усп',7802229398,ооо 'особняк',7839468603,21.08.2015,18.02.2016
229769,1126 -2015,центральный,"наб.р.фонтанки, (нечетная сторона) от итальянской ул. до инженерной ул.",полное закрытие дв.,ооо 'геоизол',7811077889,спб гку 'дирекция транспортного строительства',7825342390,18.07.2015,26.09.2017
229770,1127 -2015,центральный,пл.белинского,огранич.движения,ооо 'геоизол',7811077889,спб гку 'дирекция транспортного строительства',7825342390,18.07.2015,26.09.2017
229771,1128 -2015,центральный,"караванная ул., от пл.белинского до манежной пл.",закрытие одного напр,ооо 'геоизол',7811077889,спб гку 'дирекция транспортного строительства',7825342390,18.07.2015,26.09.2017
229772,1129 -2015,центральный,"итальянская ул., от караванной ул. до наб.реки фонтанки",закрытие одного напр,ооо 'геоизол',7811077889,спб гку 'дирекция транспортного строительства',7825342390,18.07.2015,26.09.2017
230321,1163 -2015,курортный,"г. санкт-петербург, проезд без названия от ул. володарского до приморского шоссе",огранич.движения,ооо 'гск № 1',7804456269,ооо 'ук 'доходъ',7826685368,25.07.2015,25.12.2015
230470,1193 -2015,красногвардейский,заневская пл.,огранич.движения,гуп 'петербургский метрополитен',7830000970,гуп 'петербургский метрополитен',7830000970,06.11.2015,14.12.2015
230721,1202 -2015,приморский,"глухарская ул., (нечетная сторона) от пр. авиаконструкторов до нижне-каменской ул.",огранич.движения,ооо иск 'дик',7811469702,ооо 'стройресурс',7842429080,03.08.2015,30.08.2016
231207,1294 -2015,адмиралтейский,"г. санкт-петербург, северный проезд вдоль консерватории",полное закрытие дв.,зао 'стройфасад',7709729614,минкультуры россии,7705851331,06.08.2015,03.03.2017
231208,1295 -2015,адмиралтейский,"г. санкт-петербург, восточный проезд театральной площади",полное закрытие дв.,зао 'стройфасад',7709729614,минкультуры россии,7705851331,06.08.2015,03.03.2017
231209,1296 -2015,адмиралтейский,"г. санкт-петербург, южный проезд вдоль консерватории",полное закрытие дв.,зао 'стройфасад',7709729614,минкультуры россии,7705851331,06.08.2015,03.03.2017
231210,1297 -2015,адмиралтейский,"ул.глинки, от ул. декабристов до южного проезда театральной площади",огранич.движения,зао 'стройфасад',7709729614,минкультуры россии,7705851331,06.08.2015,03.03.2017
231491,1312 -2015,центральный,"ул.ломоносова, (четная сторона) от наб. реки фонтанки до ул. рубинштейна",огранич.движения,зао 'альтернатива',7815003969,но 'фонд капитального ремонта многоквартирных домов санкт-петербурга',7840290890,08.08.2015,31.12.2015
231530,1323 -2015,адмиралтейский,"ул.глинки, (четная сторона) от пр. римского-корсакова до театральной пл.",огранич.движения,ооо 'петербургский взгляд',7840337250,ооо 'мегахаус',7801226595,10.08.2015,03.03.2017
231532,1324 -2015,адмиралтейский,"театральная пл., (четная сторона) от ул. глинки до наб. реки грибоедова",огранич.движения,ооо 'петербургский взгляд',7840337250,ооо 'мегахаус',7801226595,10.08.2015,03.03.2017
231760,1339 -2015,петроградский,"наб.мартынова, от бодрова пер. до острова бычий",полное закрытие дв.,ооо 'геоизол',7811077889,спб гку 'дирекция транспортного строительства',7825342390,05.11.2015,12.12.2015
231880,1368 -2015,калининский,"гражданский пр., (четная сторона) от киришской ул. до пр.луначарского",огранич.движения,зао 'па',7810286174,гуп 'водоканал санкт-петербурга',7830000426,15.08.2015,07.09.2016
232681,1462 -2015,центральный,"4-я советская ул., от греческого пр. до суворовского пр.",огранич.движения,ооо 'орион',7810513638,ооо 'северная эстейт',7842008765,03.09.2015,31.12.2015
233376,1551 -2015,петроградский,"ул.мира, (нечетная сторона) от певческого пер. до ул.котовского",огранич.движения,зао 'сму-2',7808025665,ооо 'норд сити',7810037467,09.09.2015,31.12.2016
233482,1554 -2015,центральный,"басков пер., от ул.короленко до ул.маяковского",огранич.движения,ао 'усп',7802178922,ооо 'лср. недвижимость-сз',7826090547,15.09.2015,11.07.2017
233486,1555 -2015,центральный,"ул.короленко, от баскова пер. до артиллерийского пер.",закрытие одного напр,ао 'усп',7802178922,ооо 'лср. недвижимость-сз',7826090547,15.09.2015,11.07.2017
233501,1552 -2015,адмиралтейский,"дерптский пер., от рижского пр. до наб.реки фонтанки",огранич.движения,зао иск 'союз',7801231718,фгуп 'гознак',7813352058,10.09.2015,13.12.2015
233504,1559 -2015,адмиралтейский,"ул.глинки, от южного проезда театральной пл. до ул.декабристов",огранич.движения,оао 'метрострой',7813046910,спб гку 'дирекция транспортного строительства',7825342390,09.09.2015,23.12.2015
233507,1562 -2015,адмиралтейский,"театральная пл., от ул.глинки до наб.крюкова канала",огранич.движения,оао 'метрострой',7813046910,спб гку 'дирекция транспортного строительства',7825342390,23.10.2015,23.12.2015
234532,1635 -2015,фрунзенский,"курская ул., от лиговского пр. до воронежской ул.",полное закрытие дв.,ооо 'нт-ком инжиниринг',7810883678,ооо 'таткабель',1624011485,23.09.2015,04.10.2015
234533,1636 -2015,фрунзенский,"курская ул., от воронежской ул. до боровой ул.",полное закрытие дв.,ооо 'нт-ком инжиниринг',7810883678,ооо 'таткабель',1624011485,05.10.2015,10.10.2015
234929,1698 -2015,выборгский,"пр.просвещения, (нечетная сторона, боковой проезд) от ул.ивана фомина до пр.художников",полное закрытие дв.,зао 'водоканалстрой',7816188550,спб гку 'управление заказчика',7840014918,02.10.2015,30.12.2015
235145,1703 -2015,петроградский,"лахтинская ул., от чкаловского пр. до малого пр.п.с. (этап 1)",закрытие одного напр,ооо 'прогресс',7811339083,православная местная религиозная организация приход храма святой блаженной ксении петербургской на,7813170594,03.10.2015,21.08.2016
235240,1726 -2015,петроградский,"рыбацкая ул., от большого пр.п.с. до малого пр.п.с.",огранич.движения,ооо 'реди',7826065325,ооо 'реди',7826065325,16.11.2015,15.11.2016
235241,1727 -2015,петроградский,"малый пр.п.с., от рыбацкой ул. до ижорской ул.",огранич.движения,ооо 'реди',7826065325,ооо 'реди',7826065325,16.11.2015,15.11.2016
235386,1723 -2015,адмиралтейский,"наб.обводного кан., от старо-петергофского пр. до лифляндской ул.",огранич.движения,ооо 'строй плюс',7813492707,спб гуп 'горэлектротранс',7830001927,07.10.2015,30.04.2016
235397,1750 -2015,центральный,"кирочная ул., у д. 57 от суворовского пр. до новгородской ул.",огранич.движения,ооо 'пск',7807331814,ооо 'ринова',7810021266,16.10.2015,31.12.2015
235404,1749 -2015,центральный,"дегтярный пер., у д. 26",огранич.движения,ооо 'пск',7807331814,ооо 'фаворит плюс',7814347163,16.10.2015,31.12.2015
235590,1751 -2015,адмиралтейский,"спасский пер., от садовой ул. до наб.канала грибоедова",огранич.движения,ооо 'гуар',7805447316,ооо 'меандр',7813370716,13.10.2015,31.01.2016
235695,1752 -2015,московский,"дунайский пр., от пулковского шоссе до московского шоссе",огранич.движения,зао 'пилон',7813109127,спб гку 'дирекция транспортного строительства',7825342390,29.10.2015,30.06.2016
235697,1753 -2015,московский,"г. санкт-петербург, перекресток пулковского шоссе и дунайского пр.",огранич.движения,зао 'пилон',7813109127,спб гку 'дирекция транспортного строительства',7825342390,29.10.2015,30.06.2016
235702,1754 -2015,московский,"дунайский пр., от пулковского шоссе до 5-го предпортового проезда",полное закрытие дв.,зао 'пилон',7813109127,спб гку 'дирекция транспортного строительства',7825342390,29.10.2015,30.06.2016
235703,1755 -2015,московский,"г. санкт-петербург,северный проезд дунайского пр. от 5-го предпортового проезда до пулковского шоссе",закрытие одного напр,зао 'пилон',7813109127,спб гку 'дирекция транспортного строительства',7825342390,29.10.2015,30.06.2016
235705,1756 -2015,московский,"г. санкт-петербург,южный проезд дунайского пр. от пулковского шоссе до 5-го предпортового проезда",закрытие одного напр,зао 'пилон',7813109127,спб гку 'дирекция транспортного строительства',7825342390,29.10.2015,30.06.2016
235708,1762 -2015,центральный,"мытнинская ул., у д.11, лит.а от 6-ой советской ул. до 7-ой советской ул.",огранич.движения,ооо 'декор',7820311447,но 'фонд капитального ремонта многоквартирных домов санкт-петербурга',7840290890,12.10.2015,20.12.2015
235719,1757 -2015,московский,"кубинская ул., от предпортовой ул. до 2-го предпортового проезда",полное закрытие дв.,зао 'пилон',7813109127,спб гку 'дирекция транспортного строительства',7825342390,29.10.2015,30.06.2016
235721,1758 -2015,московский,"предпортовая ул., от 3-го предпортового проезда до 5-го предпортового проезда",огранич.движения,зао 'пилон',7813109127,спб гку 'дирекция транспортного строительства',7825342390,29.10.2015,30.06.2016
235722,1759 -2015,московский,"дунайский пр., от предпортовой ул. до 5-го предпортового проезда",полное закрытие дв.,зао 'пилон',7813109127,спб гку 'дирекция транспортного строительства',7825342390,29.10.2015,30.06.2016
235723,1760 -2015,московский,"г. санкт-петербург, перекресток предпортовой ул. и 5-го предпортового проезда",огранич.движения,зао 'пилон',7813109127,спб гку 'дирекция транспортного строительства',7825342390,29.10.2015,30.06.2016
235726,1761 -2015,московский,"5-й предпортовый проезд, от южного проезда дунайского пр. до предпортовой ул.",закрытие одного напр,зао 'пилон',7813109127,спб гку 'дирекция транспортного строительства',7825342390,29.10.2015,30.06.2016
235737,1766 -2015,центральный,"новгородская ул., от дегтярного пер. до ул. моисеенко",огранич.движения,ооо 'нрк',7806525768,аиком россия сиэсди лимитед,9909375606,16.10.2015,31.12.2015
235739,1767 -2015,центральный,"дегтярный пер., от новгородской ул. до д.28 по дегтярному пер.",огранич.движения,ооо 'нрк',7806525768,аиком россия сиэсди лимитед,9909375606,16.10.2015,31.12.2015
235863,1776 -2015,фрунзенский,"ул.димитрова, от бухарестской ул. до купчинской ул.",огранич.движения,зао 'ник',7801008484,спб гку 'дирекция транспортного строительства',7825342390,13.10.2015,26.12.2015
235972,1804 -2015,колпинский,"оборонная ул., от тверской ул. до ул.анисимова",огранич.движения,зао 'абз-дорстрой',7811099353,спб гку 'дирекция транспортного строительства',7825342390,24.10.2015,07.12.2015
235986,1806 -2015,колпинский,"заводской пр., от ул.веры слуцкой до конца проспекта",огранич.движения,зао 'абз-дорстрой',7811099353,спб гку 'дирекция транспортного строительства',7825342390,18.10.2015,30.12.2015
236113,1812 -2015,фрунзенский,"боровая ул., от курской ул. до расстанной ул.",огранич.движения,ооо 'нт-ком инжиниринг',7810883678,ооо 'таткабель',1624011485,16.10.2015,28.10.2015
236137,1810 -2015,центральный,"пушкинская ул., (четная сторона) от невского пр. до кузнечного пер.",огранич.движения,ооо 'магистраль',7805203824,нп 'объединение 'дормост',7839290053,31.10.2015,10.12.2015
236138,1811 -2015,центральный,"лиговский пер., от пушкинской ул. до лиговского пр.",огранич.движения,ооо 'магистраль',7805203824,нп 'объединение 'дормост',7839290053,31.10.2015,10.12.2015
236099,1817 -2015,центральный,"синопская наб., (восточный проезд) от херсонской ул. до херсонского проезда",огранич.движения,оао 'мостострой №6',7812046562,спб гку 'дирекция транспортного строительства',7825342390,19.10.2015,30.11.2015
236148,1818 -2015,центральный,"синопская наб., (западный проезд) от херсонского проезда до херсонской ул.",огранич.движения,оао 'мостострой №6',7812046562,спб гку 'дирекция транспортного строительства',7825342390,19.10.2015,30.11.2015
236149,1819 -2015,центральный,"херсонская ул., от западной проезжей части синопской наб. до восточной проезжей части синопской наб.",полное закрытие дв.,оао 'мостострой №6',7812046562,спб гку 'дирекция транспортного строительства',7825342390,19.10.2015,30.11.2015
236150,1820 -2015,центральный,"синопская наб., (западный проезд) от правого съезда с моста александра невского до  херсонской ул.",закрытие одного напр,оао 'мостострой №6',7812046562,спб гку 'дирекция транспортного строительства',7825342390,19.10.2015,30.11.2015
236151,1821 -2015,центральный,"г. санкт-петербург, съезд с моста александра невского на синопскую наб.",полное закрытие дв.,оао 'мостострой №6',7812046562,спб гку 'дирекция транспортного строительства',7825342390,19.10.2015,30.11.2015
236152,1822 -2015,центральный,"пл.александра невского, у моста александра невского",огранич.движения,оао 'мостострой №6',7812046562,спб гку 'дирекция транспортного строительства',7825342390,19.10.2015,30.11.2015
236153,1823 -2015,центральный,"г. санкт-петербург, въезд на мост александра невского",огранич.движения,оао 'мостострой №6',7812046562,спб гку 'дирекция транспортного строительства',7825342390,19.10.2015,30.11.2015
236154,1824 -2015,центральный,"синопская наб., (южный проезд) от пр. обуховской обороны до синопской наб.",закрытие одного напр,оао 'мостострой №6',7812046562,спб гку 'дирекция транспортного строительства',7825342390,19.10.2015,30.11.2015
236157,1825 -2015,центральный,"синопская наб., от херсонской ул. до пр. обуховской обороны",огранич.движения,оао 'мостострой №6',7812046562,спб гку 'дирекция транспортного строительства',7825342390,19.10.2015,30.11.2015
236287,1816 -2015,пушкинский,"ул.глинки, от железнодорожной ул. до софийского бульв., без перекрестка с ул.чистякова",полное закрытие дв.,ооо 'атри-сервис',7816038442,гуп 'тэк спб',7830001028,21.10.2015,31.08.2016
236332,1850 -2015,красносельский,"г.санкт-петербург, перекресток ул.маршала казакова и ул.доблести",огранич.движения,ооо 'петроком',7805004441,ао 'спб эс',7826074344,26.10.2015,29.04.2016
236333,1841 -2015,василеостровский,"железноводская ул., от пер. декабристов до д.15 по железноводской ул.",огранич.движения,ооо 'меридиан',7838446029,пао 'ленэнерго',7803002209,11.12.2015,31.12.2015
236334,1842 -2015,василеостровский,"г. санкт-петербург, перекресток пер. декабристов и железноводской ул.",огранич.движения,ооо 'меридиан',7838446029,пао 'ленэнерго',7803002209,11.12.2015,31.12.2015
236335,1843 -2015,василеостровский,"железноводская ул., от пр. кима до пер. декабристов",огранич.движения,ооо 'меридиан',7838446029,пао 'ленэнерго',7803002209,11.12.2015,31.12.2015
236336,1844 -2015,василеостровский,пл.балтийских юнг,огранич.движения,ооо 'меридиан',7838446029,пао 'ленэнерго',7803002209,11.12.2015,31.12.2015
236338,1845 -2015,василеостровский,"пр.кима, от уральской ул. до железноводской ул.,включая перекресток с уральской ул.",огранич.движения,ооо 'меридиан',7838446029,пао 'ленэнерго',7803002209,11.12.2015,31.12.2015
236339,1846 -2015,василеостровский,"уральская ул., от пр. кима до наличной ул.",огранич.движения,ооо 'меридиан',7838446029,пао 'ленэнерго',7803002209,11.12.2015,31.12.2015
236344,1847 -2015,василеостровский,"ул.кораблестроителей, (четная сторона,боковой проезд) от наличной ул. до адмиральского проезда",огранич.движения,ооо 'меридиан',7838446029,пао 'ленэнерго',7803002209,11.12.2015,31.12.2015
236410,1865 -2015,выборгский,"пр.энгельса, от новороссийской ул. до новосильцевского пер.",огранич.движения,зао 'проммонолит',7803058547,ооо 'бп истейт-ланское',7841465462,03.11.2015,07.04.2017
236502,1860 -2015,калининский,"гражданский пр., (боковой проезд) от суздальского пр. до пр.просвещения",огранич.движения,ооо 'инженерная компания',7820031841,спб гку 'управление заказчика',7840014918,23.10.2015,01.05.2016
236630,1868 -2015,красногвардейский,"бокситогорская ул., от ул.лагоды до объездного ш.",полное закрытие дв.,ооо 'навигатор-сбс',7825466405,гуп 'водоканал санкт-петербурга',7830000426,21.11.2015,19.01.2016
236631,1869 -2015,красногвардейский,"бокситогорская ул., от объездного ш. до ириновского пр., включая перекресток с объездным ш.",полное закрытие дв.,ооо 'навигатор-сбс',7825466405,гуп 'водоканал санкт-петербурга',7830000426,05.01.2016,19.01.2016
236777,1921 -2015,выборгский,"северный пр., от пр.художников до ул.есенина",огранич.движения,ооо 'градисс',7802720359,гуп 'водоканал санкт-петербурга',7830000426,26.10.2015,17.02.2016
236782,1922 -2015,выборгский,"г.санкт-петербург, перекресток лиственной ул. и ул.жака дюкло",огранич.движения,ооо 'градисс',7802720359,гуп 'водоканал санкт-петербурга',7830000426,26.10.2015,17.02.2016
236783,1923 -2015,выборгский,"лиственная ул., от ул.жака дюкло до конца улицы",полное закрытие дв.,ооо 'градисс',7802720359,гуп 'водоканал санкт-петербурга',7830000426,26.10.2015,17.02.2016
236784,1924 -2015,выборгский,"ул.есенина, от северного пр. до пр.тореза",огранич.движения,ооо 'градисс',7802720359,гуп 'водоканал санкт-петербурга',7830000426,26.10.2015,17.02.2016
236795,1931 -2015,калининский,"ул.комиссара смирнова, от лесного пр. до ул.академика лебедева",огранич.движения,ооо 'строй-мастер',7802366549,ооо 'строй-мастер',7802366549,26.10.2015,01.04.2016
236821,1926 -2015,адмиралтейский,"наб.р.мойки, от пер.гривцова до пер.антоненко",огранич.движения,ао 'усп',7802178922,ооо'файв стар',7826027418,01.12.2015,31.08.2016
236822,1927 -2015,адмиралтейский,"пер.антоненко, от казанской ул. до наб.реки мойки",огранич.движения,ао 'усп',7802178922,ооо'файв стар',7826027418,01.12.2015,31.08.2016
236843,1928 -2015,выборгский,"ул.смолячкова, от большого сампсониевского пр. до зеленкова пер.",огранич.движения,ао 'ренейссанс констракшн',7814017341,ооо 'десна глобал',7842356931,27.10.2015,31.12.2016
236844,1929 -2015,выборгский,"зеленков пер., от беловодского пер. до ул.смолячкова",закрытие одного напр,ао 'ренейссанс констракшн',7814017341,ооо 'десна глобал',7842356931,27.10.2015,31.12.2016
236846,1930 -2015,выборгский,"ловизский пер., от зеленкова пер. до большого сампсониевского пр.",закрытие одного напр,ао 'ренейссанс констракшн',7814017341,ооо 'десна глобал',7842356931,27.10.2015,31.12.2016
236850,1925 -2015,приморский,"сердобольская ул., от большого сампсониевского пр. до студенческой ул.",закрытие одного напр,ооо мк-20сх,7802496989,спб гку 'дирекция транспортного строительства',7825342390,29.10.2015,20.12.2015
236853,1934 -2015,кировский,"ул.маршала казакова, (четная сторона) от пр.маршала жукова до пр.стачек",огранич.движения,ооо 'мтэр санкт-петербург',7839450780,оао 'теплосеть санкт-петербурга',7810577007,27.10.2015,12.10.2016
236855,1935 -2015,кировский,"ул.маршала казакова, (боковой проезд, четная сторона) от пр.маршала жукова до пр.стачек",полное закрытие дв.,ооо 'мтэр санкт-петербург',7839450780,оао 'теплосеть санкт-петербурга',7810577007,27.10.2015,12.10.2016
236936,1939 -2015,василеостровский,"г.санкт-петербург, перекресток ул.кораблестроителей и прибалтийской пл.",огранич.движения,ооо 'строймонтажкомплект',7802167695,оао 'теплосеть санкт-петербурга',7810577007,07.11.2015,10.05.2016
237063,1950 -2015,выборгский,"ул.кустодиева, от поэтического бульв. до пр.просвещения",полное закрытие дв.,ооо 'навигатор-сбс',7825466405,гуп 'водоканал санкт-петербурга',7830000426,01.11.2015,26.08.2016
237064,1951 -2015,выборгский,"пр.просвещения, у ул.кустодиева",огранич.движения,ооо 'навигатор-сбс',7825466405,гуп 'водоканал санкт-петербурга',7830000426,01.11.2015,26.08.2016
237090,1943 -2015,центральный,"наб.обводного кан., (нечетная сторона) у д.3 по наб.обводного канала",огранич.движения,оао 'мостострой №6',7812046562,спб гку 'дирекция транспортного строительства',7825342390,31.10.2015,18.02.2016
237091,1944 -2015,центральный,"пр.обуховской обороны, у д.3, лит.а по пр.обуховской обороны (азс птк)",огранич.движения,оао 'мостострой №6',7812046562,спб гку 'дирекция транспортного строительства',7825342390,31.10.2015,18.02.2016
237092,1945 -2015,центральный,"пр.обуховской обороны, от моста александра невского до шлиссельбургского моста",огранич.движения,оао 'мостострой №6',7812046562,спб гку 'дирекция транспортного строительства',7825342390,31.10.2015,18.02.2016
237093,1946 -2015,центральный,"наб.обводного кан., (нечетная сторона) у пересечения с пр.обуховской обороны",огранич.движения,оао 'мостострой №6',7812046562,спб гку 'дирекция транспортного строительства',7825342390,31.10.2015,18.02.2016
237094,1947 -2015,невский,"наб.обводного кан., (четная сторона) от пр.обуховской обороны до д.14 по глиняной ул.",полное закрытие дв.,оао 'мостострой №6',7812046562,спб гку 'дирекция транспортного строительства',7825342390,31.10.2015,18.02.2016
237095,1948 -2015,невский,"глиняная ул., у пересечения с наб.обводного канала",полное закрытие дв.,оао 'мостострой №6',7812046562,спб гку 'дирекция транспортного строительства',7825342390,31.10.2015,18.02.2016
237097,1949 -2015,невский,"мельничная ул., от пр.обуховской обороны до зеркального пер.",полное закрытие дв.,оао 'мостострой №6',7812046562,спб гку 'дирекция транспортного строительства',7825342390,31.10.2015,18.02.2016
237640,1984 -2015,колпинский,"овражная ул., от вокзальной ул. до речного пер.",полное закрытие дв.,ооо 'эм-110',7810510242,ао 'спб эс',7826074344,27.11.2015,11.12.2015
237641,1985 -2015,колпинский,"овражная ул., от речного пер. до бугровой ул.",полное закрытие дв.,ооо 'эм-110',7810510242,ао 'спб эс',7826074344,12.12.2015,26.12.2015
237642,1986 -2015,колпинский,"бугровая ул., от ул.володарского до овражной ул.",полное закрытие дв.,ооо 'эм-110',7810510242,ао 'спб эс',7826074344,12.12.2015,26.12.2015
237644,1987 -2015,колпинский,"_посёлок петро-славянка, проезд без названия от ул.володарского до д.17 по бугровой ул.",полное закрытие дв.,ооо 'эм-110',7810510242,ао 'спб эс',7826074344,27.12.2015,11.01.2016
237653,1981 -2015,адмиралтейский,"галерная ул., у д.4 от замятина пер. до сенатской пл.",огранич.движения,ооо 'тмг груп',7705405168,ооо 'исаакиевский отель',7801182468,12.11.2015,21.02.2016
237658,1980 -2015,московский,"пр.космонавтов, от свирской ул. до дунайского пр.",огранич.движения,ооо 'пксантехмонтаж',4705042720,ооо 'лср. недвижимость-сз',7826090547,12.11.2015,30.12.2015
237733,1995 -2015,адмиралтейский,"конногвардейский пер., от почтамтской ул. до большой морской ул.",огранич.движения,ооо 'меандр',7813370716,ооо 'меандр',7813370716,16.11.2015,31.12.2015
237740,1996 -2015,адмиралтейский,"ул.труда, от большой морской ул. до ул.якубовича",огранич.движения,ооо 'меандр',7813370716,ооо 'меандр',7813370716,16.11.2015,31.12.2015
237741,1997 -2015,адмиралтейский,"большая морская ул., от ул.труда до конногвардейского пер.",огранич.движения,ооо 'меандр',7813370716,ооо 'меандр',7813370716,27.12.2015,31.12.2015
237806,1992 -2015,приморский,"ланское шоссе, (боковой проезд четной стороны) от омской ул. до новосибирской ул.",полное закрытие дв.,зао 'водоканалстрой',7816188550,спб гку 'управление заказчика',7840014918,14.11.2015,31.03.2016
237807,1993 -2015,приморский,"новосибирская ул., у д.10 по ланскому шоссе",огранич.движения,зао 'водоканалстрой',7816188550,спб гку 'управление заказчика',7840014918,14.11.2015,31.03.2016
237952,2001 -2015,центральный,"тверская ул., от таврической ул. до калужского пер.",закрытие одного напр,ооо 'мтэр санкт-петербург',7839450780,оао 'теплосеть санкт-петербурга',7810577007,16.11.2015,30.06.2016
237955,2002 -2015,центральный,"тверская ул., от калужского пер. до кавалергардской ул.",закрытие одного напр,ооо 'мтэр санкт-петербург',7839450780,оао 'теплосеть санкт-петербурга',7810577007,16.11.2015,30.06.2016
237956,2003 -2015,центральный,"тверская ул., от кавалергардской ул. до одесской ул.",закрытие одного напр,ооо 'мтэр санкт-петербург',7839450780,оао 'теплосеть санкт-петербурга',7810577007,16.11.2015,30.06.2016
237957,2004 -2015,центральный,"ул.чайковского, от литейного пр. до моховой ул.",закрытие одного напр,ооо 'мтэр санкт-петербург',7839450780,оао 'теплосеть санкт-петербурга',7810577007,16.11.2015,30.06.2016
237958,2005 -2015,центральный,"г.санкт-петербург, перекресток ул.чайковского и моховой ул.",огранич.движения,ооо 'мтэр санкт-петербург',7839450780,оао 'теплосеть санкт-петербурга',7810577007,16.11.2015,30.06.2016
237977,1998 -2015,центральный,"кирочная ул., от д.55 до д.61",полное закрытие дв.,ооо 'мтэр санкт-петербург',7839450780,оао 'теплосеть санкт-петербурга',7810577007,16.11.2015,31.12.2015
237978,1999 -2015,центральный,"кирочная ул., от д.61 по кирочной ул. до новгородской ул.",огранич.движения,ооо 'мтэр санкт-петербург',7839450780,оао 'теплосеть санкт-петербурга',7810577007,16.11.2015,31.12.2015
238085,2009 -2015,адмиралтейский,"большая подьяческая ул., у д.11 от наб.канала грибоедова до пр.римского-корсакова",огранич.движения,зао 'фасадремстрой',7830000352,гуп 'водоканал санкт-петербурга',7830000426,24.11.2015,13.01.2016
238183,2010 -2015,выборгский,"лесной пр., от 1-го муринского пр. до ул.академика лебедева",огранич.движения,зао 'ник',7801008484,спб гуп 'горэлектротранс',7830001927,23.11.2015,30.07.2016
238242,2012 -2015,красносельский,старо-пановский мост,огранич.движения,ооо 'евроавтодор',7813557224,спб гку 'дирекция транспортного строительства',7825342390,24.11.2015,29.11.2015
238285,2016 -2015,пушкинский,"автомобильная ул., от вавиловского пр. до монтажной ул.",огранич.движения,зао 'сму-53',7825006341,гуп 'тэк спб',7830001028,28.11.2015,29.12.2015
238296,2015 -2015,невский,"октябрьская наб., от пр.большевиков до приневской ул. (этап 6)",огранич.движения,ооо 'навигатор-сбс',7825466405,ооо 'петербурггаз',7838017541,02.12.2015,31.12.2015
238299,2017 -2015,невский,"г.санкт-петербург, перекресток ул.седова и большого смоленского пр.",огранич.движения,ооо 'росзнак',7801609485,спб гку 'додд',7801145804,25.11.2015,19.12.2015
238301,2013 -2015,курортный,"рыбацкая ул., от приозёрной ул. до грибной ул., включая перекрестки",полное закрытие дв.,ооо 'дормет',7838451597,комитет по строительству,7830002342,25.11.2015,30.10.2016
238302,2014 -2015,курортный,"грибная ул., от рыбацкой ул. до жемчужной ул.",полное закрытие дв.,ооо 'дормет',7838451597,комитет по строительству,7830002342,25.11.2015,30.10.2016
238337,2024 -2015,василеостровский,"морская наб., от наличной ул. до адмиральского проезда",закрытие одного напр,ооо 'меридиан',7838446029,ао 'спб эс',7826074344,27.11.2015,15.02.2016
238339,2023 -2015,василеостровский,"адмиральский проезд, от ул. кораблестроителей до морской наб.",огранич.движения,ооо 'меридиан',7838446029,пао 'ленэнерго',7803002209,11.12.2015,31.12.2015
238352,2026 -2015,адмиралтейский,"рузовская ул., у д.15 от клинского пр. до загородного пр.",огранич.движения,ооо 'нева знак',7801510550,спб гку 'додд',7801145804,27.11.2015,21.12.2015
238398,2027 -2015,калининский,"меншиковский пр., от пр. непокорённых до ул. верности",закрытие одного напр,оао 'мостострой №6',7812046562,спб гку 'дирекция транспортного строительства',7825342390,27.11.2015,16.12.2015
238400,2028 -2015,калининский,"меншиковский пр., от конца улицы до пр. непокорённых",закрытие одного напр,оао 'мостострой №6',7812046562,спб гку 'дирекция транспортного строительства',7825342390,27.11.2015,16.12.2015
238401,2029 -2015,калининский,"ул.руставели, (четная сторона,боковой проезд) от д. 4 по ул. руставели до пр. науки",закрытие одного напр,оао 'мостострой №6',7812046562,спб гку 'дирекция транспортного строительства',7825342390,27.11.2015,16.12.2015
238445,2030 -2015,калининский,"пискарёвский пр., (четная сторона,боковой проезд) от ул. руставели до пр. непокорённых",полное закрытие дв.,оао 'мостострой №6',7812046562,спб гку 'дирекция транспортного строительства',7825342390,27.11.2015,16.12.2015
238446,2031 -2015,калининский,"пискарёвский пр., от волго-донского пр. до ул. руставели",огранич.движения,оао 'мостострой №6',7812046562,спб гку 'дирекция транспортного строительства',7825342390,27.11.2015,16.12.2015
238447,2032 -2015,калининский,"г. санкт-петербург, вдоль ж/д от пискарёвского пр. до меншиковского пр.",закрытие одного напр,оао 'мостострой №6',7812046562,спб гку 'дирекция транспортного строительства',7825342390,27.11.2015,16.12.2015
238448,2033 -2015,калининский,"пискарёвский пр., (четная сторона,боковой проезд) от пр. непокорённых до д. 50 по пискарёвскому пр.",полное закрытие дв.,оао 'мостострой №6',7812046562,спб гку 'дирекция транспортного строительства',7825342390,27.11.2015,16.12.2015
238450,2034 -2015,калининский,"пискарёвский пр., (нечетная сторона,боковой проезд) от шафировского пр. до ул. руставели",полное закрытие дв.,оао 'мостострой №6',7812046562,спб гку 'дирекция транспортного строительства',7825342390,27.11.2015,16.12.2015
238451,2035 -2015,калининский,"шафировский пр., (четная сторона,боковой проезд) от ж/д переезда до пискарёвского пр.",полное закрытие дв.,оао 'мостострой №6',7812046562,спб гку 'дирекция транспортного строительства',7825342390,27.11.2015,16.12.2015
238453,2025 -2015,приморский,"приморское шоссе, у д.85 по лахтинскому пр.",огранич.движения,ооо 'росзнак',7801609485,спб гку 'додд',7801145804,27.11.2015,24.12.2015
238454,2036 -2015,калининский,"пр.непокорённых, от меншиковского пр. до пискарёвского пр.",огранич.движения,оао 'мостострой №6',7812046562,спб гку 'дирекция транспортного строительства',7825342390,27.11.2015,16.12.2015
238455,2022 -2015,выборгский,"большая озёрная ул., от елизаветинской ул. до приморской ул.",огранич.движения,ооо 'монтажно эксплуатационная фирма 'аск',7814373082,гуп 'тэк спб',7830001028,28.11.2015,13.12.2015
238472,2044 -2015,красногвардейский,"пр.маршала блюхера, от уманского пер. до анисимовской дороги",огранич.движения,зао 'сг 'нпо им. кузнецова',7810512786,спб гку 'дирекция по сопровождению промышленных проектов',7825453163,30.11.2015,13.12.2015
238523,2037 -2015,калининский,"ул.верности, (четная сторона) от меншиковского пр. до ул. руставели",закрытие одного напр,оао 'мостострой №6',7812046562,спб гку 'дирекция транспортного строительства',7825342390,27.11.2015,16.12.2015
238524,2038 -2015,калининский,"ул.верности, (нечетная сторона) от ул. рутавели до меншиковского пр.",закрытие одного напр,оао 'мостострой №6',7812046562,спб гку 'дирекция транспортного строительства',7825342390,27.11.2015,16.12.2015
238570,2039 -2015,фрунзенский,"ул.салова, от софийской ул. до д.50 по ул. салова",огранич.движения,ооо 'ск 'орион плюс',4703037072,спб гку 'дирекция транспортного строительства',7825342390,28.11.2015,31.01.2016
238571,2040 -2015,фрунзенский,"ул.салова, у (нечетной стороны) софийской ул.",огранич.движения,ооо 'ск 'орион плюс',4703037072,спб гку 'дирекция транспортного строительства',7825342390,16.12.2015,31.01.2016
238572,2042 -2015,центральный,мост александра невского,огранич.движения,ооо мк-20сх,7802496989,спб гку 'дирекция транспортного строительства',7825342390,01.12.2015,31.12.2015
238574,2043 -2015,калининский,"г.санкт-петербург, перекресток пр.мечникова, ул.замшина и брюсовской ул.",огранич.движения,ооо 'смэп по санкт-петербургу и ленинградской области',7811310310,спб гку 'додд',7801145804,01.12.2015,07.01.2016
238616,2041 -2015,пушкинский,"петербургское шоссе, от сарицкой ул. до шушарской дороги",огранич.движения,спб гку 'дирекция транспортного строительства',7825342390,спб гку 'дирекция транспортного строительства',7825342390,30.11.2015,05.03.2016
238627,2050 -2015,калининский,"г. санкт-петербург, перекресток бестужевской ул. и замшина ул.",огранич.движения,ооо 'смэп по санкт-петербургу и ленинградской области',7811310310,спб гку 'додд',7801145804,02.12.2015,10.01.2016
238628,2048 -2015,адмиралтейский,"наб.обводного кан., (нечетная сторона) от московского пр. до бронницкой ул.",огранич.движения,ооо 'нева знак',7801510550,спб гку 'додд',7801145804,02.12.2015,21.12.2015
238666,2051 -2015,василеостровский,"большой пр.в.о., от детской ул. до 22-23 линий в.о., включая перекресток с клубным пер.",полное закрытие дв.,ооо 'мтэр санкт-петербург',7839450780,оао 'теплосеть санкт-петербурга',7810577007,30.11.2015,24.12.2015
238667,2052 -2015,василеостровский,"г. санкт-петербург, перекресток большого пр. в.о. и 26-27 линий в.о.",полное закрытие дв.,ооо 'мтэр санкт-петербург',7839450780,оао 'теплосеть санкт-петербурга',7810577007,30.11.2015,24.12.2015
238668,2053 -2015,василеостровский,"косая линия, от 22-23 линий в.о. до 24-25 линий в.о.",полное закрытие дв.,ооо 'мтэр санкт-петербург',7839450780,оао 'теплосеть санкт-петербурга',7810577007,30.11.2015,24.12.2015
238670,2054 -2015,василеостровский,"косая линия, от 26-27 линий в.о. до 24-25 линий в.о.",закрытие одного напр,ооо 'мтэр санкт-петербург',7839450780,оао 'теплосеть санкт-петербурга',7810577007,30.11.2015,24.12.2015
238671,2055 -2015,василеостровский,"г. санкт-петербург,26-27 линии в.о. от кожевенной линии до косой линии",закрытие одного напр,ооо 'мтэр санкт-петербург',7839450780,оао 'теплосеть санкт-петербурга',7810577007,30.11.2015,24.12.2015
238672,2056 -2015,василеостровский,"кожевенная линия, от масляного канала до 26-27 линий в.о.",закрытие одного напр,ооо 'мтэр санкт-петербург',7839450780,оао 'теплосеть санкт-петербурга',7810577007,30.11.2015,24.12.2015
238673,2057 -2015,василеостровский,"масляный кан., от 24-25 линий в.о. до кожевенной линии",закрытие одного напр,ооо 'мтэр санкт-петербург',7839450780,оао 'теплосеть санкт-петербурга',7810577007,30.11.2015,24.12.2015
238674,2058 -2015,василеостровский,"г. санкт-петербург, 24-25 линии в.о. от косой линии до масляного канала",закрытие одного напр,ооо 'мтэр санкт-петербург',7839450780,оао 'теплосеть санкт-петербурга',7810577007,30.11.2015,24.12.2015
238675,2059 -2015,василеостровский,"г. санкт-петербург, 22-23 линии в.о. от наб. лейтенанта шмидта до большого пр. в.о.",закрытие одного напр,ооо 'мтэр санкт-петербург',7839450780,оао 'теплосеть санкт-петербурга',7810577007,30.11.2015,24.12.2015
238683,2060 -2015,василеостровский,"наб.лейтенанта шмидта, от 18-19 линий в.о. до 22-23 линий в.о.",закрытие одного напр,ооо 'мтэр санкт-петербург',7839450780,оао 'теплосеть санкт-петербурга',7810577007,30.11.2015,24.12.2015
238684,2061 -2015,василеостровский,"г. санкт-петербург, 20-21 линии в.о. от большого пр. в.о. до наб. лейтенанта шмидта",закрытие одного напр,ооо 'мтэр санкт-петербург',7839450780,оао 'теплосеть санкт-петербурга',7810577007,30.11.2015,24.12.2015
238685,2062 -2015,василеостровский,"г. санкт-петербург, 20-21 линии в.о. от большого пр. в.о. до среднего пр. в.о.",закрытие одного напр,ооо 'мтэр санкт-петербург',7839450780,оао 'теплосеть санкт-петербурга',7810577007,30.11.2015,24.12.2015
238686,2063 -2015,василеостровский,"г. санкт-петербург, перекресток большого пр. в.о. и 24-25 линий в.о.",полное закрытие дв.,ооо 'мтэр санкт-петербург',7839450780,оао 'теплосеть санкт-петербурга',7810577007,30.11.2015,24.12.2015
238690,2064 -2015,василеостровский,"г. санкт-петербург, 18-19 линии в.о. от малого пр. в.о. до среднего пр. в.о.",закрытие одного напр,ооо 'мтэр санкт-петербург',7839450780,оао 'теплосеть санкт-петербурга',7810577007,30.11.2015,24.12.2015
238700,2049 -2015,калининский,северная пл.,огранич.движения,зао 'водоканалстрой',7816188550,спб гку 'управление заказчика',7840014918,03.12.2015,10.01.2016
238779,2066 -2015,петродворцовый,"г.санкт-петербург, г.ломоносов, перекресток морской ул. и ул.жоры антоненко",огранич.движения,ооо 'петровская высота',7813562457,спб гку 'додд',7801145804,05.12.2015,25.01.2016
238780,2067 -2015,выборгский,"г.санкт-петербург, перекресток новолитовской ул., ул. грибалёвой и диагональной ул.",огранич.движения,ооо 'ск 'эксперт',7811501804,спб гку 'додд',7801145804,05.12.2015,17.02.2016
238859,2068 -2015,курортный,"зеленогорское шоссе, от пер.связи до вокзальной ул.",огранич.движения,оао 'мостострой №6',7812046562,спб гку 'дирекция транспортного строительства',7825342390,04.12.2015,28.12.2015
238860,2065 -2015,выборгский,"г. санкт-петербург, перекресток пр. просвещения и пр. культуры",огранич.движения,ооо 'продвижение',7805407306,спб гку 'додд',7801145804,04.12.2015,31.05.2016
238861,2069 -2015,курортный,"дальняя ул., в створе зеленогорского шоссе",полное закрытие дв.,оао 'мостострой №6',7812046562,спб гку 'дирекция транспортного строительства',7825342390,04.12.2015,28.12.2015
238862,2070 -2015,курортный,"большой пр., в створе зеленогорского шоссе",полное закрытие дв.,спб гку 'дирекция транспортного строительства',7825342390,спб гку 'дирекция транспортного строительства',7825342390,04.12.2015,28.12.2015
238886,2071 -2015,приморский,"школьная ул., от яхтенной ул. до  беговой ул.",огранич.движения,ооо 'продвижение',7805407306,спб гку 'додд',7801145804,06.12.2015,04.01.2016
238961,2074 -2015,красногвардейский,"пр.шаумяна, от республиканской ул. до магнитогорской ул.",огранич.движения,зао 'пр и сс',7813059532,гуп 'водоканал санкт-петербурга',7830000426,07.12.2015,20.02.2016
238963,2072 -2015,адмиралтейский,"наб.адмиралтейского кан., от ново-адмиралтейского канала до наб.крюкова канала",закрытие одного напр,зао 'водоканалстрой',7816188550,гуп 'водоканал санкт-петербурга',7830000426,06.12.2015,20.01.2016
238964,2073 -2015,адмиралтейский,"храповицкий мост, от наб.реки мойки до наб.адмиралтейского канала",закрытие одного напр,зао 'водоканалстрой',7816188550,гуп 'водоканал санкт-петербурга',7830000426,06.12.2015,20.01.2016
238975,2079 -2015,адмиралтейский,"старо-петергофский пр., у курляндской ул.",огранич.движения,зао 'ник',7801008484,спб гуп 'горэлектротранс',7830001927,12.12.2015,20.12.2015
238976,2080 -2015,адмиралтейский,"старо-петергофский пр., у рижского пр.",огранич.движения,зао 'ник',7801008484,спб гуп 'горэлектротранс',7830001927,26.12.2015,10.01.2016
238977,2081 -2015,адмиралтейский,"старо-петергофский пр., от наб.обводного канала до курляндской ул.",огранич.движения,зао 'ник',7801008484,спб гуп 'горэлектротранс',7830001927,25.12.2015,12.04.2016
238978,2076 -2015,кировский,"новоовсянниковская ул., от турбинной ул. до севастопольской ул.",полное закрытие дв.,ооо 'мтэр санкт-петербург',7839450780,оао 'теплосеть санкт-петербурга',7810577007,08.12.2015,16.01.2016
238980,2077 -2015,кировский,"турбинная ул., от новоовсянниковской ул. до ул. белоусова",полное закрытие дв.,ооо 'мтэр санкт-петербург',7839450780,оао 'теплосеть санкт-петербурга',7810577007,17.01.2016,23.02.2016
239031,2075 -2015,василеостровский,"г. санкт-петербург, перекресток большого пр. в.о. и 10-11 линий в.о.",огранич.движения,ооо 'нева знак',7801510550,спб гку 'додд',7801145804,10.12.2015,14.12.2015
239098,2082 -2015,адмиралтейский,"минский пер., от ул. союза печатников до ул. декабристов",огранич.движения,ооо 'навигатор-сбс',7825466405,ооо 'петербургский взгляд',7840337250,10.12.2015,23.12.2015
239099,2083 -2015,адмиралтейский,"ул.союза печатников, от наб. крюкова канала до минского пер.",огранич.движения,ооо 'навигатор-сбс',7825466405,ооо 'петербургский взгляд',7840337250,10.12.2015,23.12.2015
239101,2084 -2015,адмиралтейский,"театральная пл., у ул. глинки",огранич.движения,ооо 'навигатор-сбс',7825466405,ооо 'петербургский взгляд',7840337250,10.12.2015,23.12.2015
239110,2078 -2015,выборгский,"ярославский пр., от удельного пр. до нежинской ул.,включая перекресток с эмануиловской ул.",полное закрытие дв.,ооо 'евроавтодор',7813557224,спб гку 'дирекция транспортного строительства',7825342390,07.12.2015,26.04.2016
239113,2085 -2015,калининский,"арсенальная ул., от кондратьевского пр. до минеральной ул.",огранич.движения,ооо 'тпк',7810872669,ооо 'техно-сервис',7814399130,12.12.2015,27.12.2015
239168,2089 -2015,василеостровский,"прибалтийская пл., (северный проезд) от ул.кораблестроителей до морской наб.",полное закрытие дв.,ооо 'строймонтажкомплект',7802167695,оао 'теплосеть санкт-петербурга',7810577007,11.12.2015,10.01.2016
239169,2090 -2015,василеостровский,"морская наб., от северного проезда прибалтийской пл. до боцманской ул.",полное закрытие дв.,ооо 'строймонтажкомплект',7802167695,оао 'теплосеть санкт-петербурга',7810577007,11.12.2015,10.01.2016
239171,2088 -2015,пушкинский,"школьная ул., у бульв. алексея толстого",полное закрытие дв.,ооо 'р-э-с',7802790677,гуп 'тэк спб',7830001028,12.12.2015,13.12.2015
239258,2093 -2015,петроградский,"константиновский пер., от константиновского пр. до морского пр.",полное закрытие дв.,ооо 'навигатор-сбс',7825466405,гуп 'водоканал санкт-петербурга',7830000426,14.12.2015,28.12.2015
239266,2087 -2015,колпинский,"ул.судостроителей, от южной ул. до шлиссельбургского шоссе",огранич.движения,ооо 'газтеплострой',7804311217,оао 'газпром газораспределение',7838306818,11.12.2015,19.12.2015
239279,2086 -2015,колпинский,"фанерная ул., в створе ул. варвары петровой",огранич.движения,ооо 'газтеплострой',7804311217,оао 'газпром газораспределение',7838306818,11.12.2015,17.12.2015
239285,2092 -2015,выборгский,"большая озёрная ул., от елизаветинской ул. до приморской ул.",огранич.движения,ооо 'монтажно эксплуатационная фирма 'аск',7814373082,гуп 'тэк спб',7830001028,19.12.2015,27.12.2015
239332,2091 -2015,кировский,"севастопольская ул., у д.35 от ул.трефолева до ул.белоусова",огранич.движения,ооо 'рск гефест',7801258501,гбдоу детский сад № 11 кировского района санкт-петербурга,7805144897,14.12.2015,20.12.2015
239393,2095 -2015,фрунзенский,"касимовская ул., у волковского пр.",огранич.движения,ооо 'инженерная компания',7820031841,ооо 'петербурггаз',7838017541,19.12.2015,27.12.2015
239408,2096 -2015,красногвардейский,"пр.маршала блюхера, от уманского пер. до анисимовской дороги",огранич.движения,зао 'сг 'нпо им. кузнецова',7810512786,спб гку 'дирекция по сопровождению промышленных проектов',7825453163,14.12.2015,12.01.2016
239409,2094 -2015,невский,"глухоозёрское шоссе, от мельничной ул. до четной стороны наб.обводного канала",огранич.движения,оао 'мостострой №6',7812046562,спб гку 'дирекция транспортного строительства',7825342390,18.12.2015,14.02.2016
239454,2098 -2015,курортный,"моховая ул., от 1-й лесной ул. до 2-й лесной ул.",полное закрытие дв.,ао 'ленпромгаз',7841333120,ооо 'петербурггаз',7838017541,17.12.2015,23.12.2015
239468,2099 -2015,курортный,"вокзальная ул., от речной ул. до ул.лобачика",огранич.движения,ао 'ленпромгаз',7841333120,ооо 'петербурггаз',7838017541,17.12.2015,23.12.2015
239469,2100 -2015,курортный,"г.санкт-петербург, перекресток речной ул. и вокзальной ул.",полное закрытие дв.,ао 'ленпромгаз',7841333120,ооо 'петербурггаз',7838017541,22.12.2015,23.12.2015
239471,2097 -2015,фрунзенский,"южное шоссе, (нечетная сторона) от софийской ул. до агатова пер.",огранич.движения,ооо стройхолдинг,7811517191,ооо глория,7811532778,17.12.2015,26.12.2015
239481,2116 -2015,красносельский,"ул.некрасова, от песочного пер. до конца улицы, включая перекресток с песочным пер.",полное закрытие дв.,ооо 'навигатор-сбс',7825466405,гуп 'водоканал санкт-петербурга',7830000426,17.12.2015,15.01.2016
239482,2117 -2015,красносельский,"совхозный пер., от пр.будённого до конца переулка",полное закрытие дв.,ооо 'навигатор-сбс',7825466405,гуп 'водоканал санкт-петербурга',7830000426,17.12.2015,15.01.2016
239483,2118 -2015,красносельский,"пер.володарского, от ул.володарского до ул.свердлова",полное закрытие дв.,ооо 'навигатор-сбс',7825466405,гуп 'водоканал санкт-петербурга',7830000426,17.12.2015,15.01.2016
239492,2119 -2015,красносельский,"пушкинская ул., от ул.минина до красносельского ш., включая перекресток с ул.жертв революции",полное закрытие дв.,ооо 'навигатор-сбс',7825466405,гуп 'водоканал санкт-петербурга',7830000426,17.12.2015,15.01.2016
239493,2120 -2015,красносельский,"ул.маяковского, от ул.минина до ул.жертв революции",полное закрытие дв.,ооо 'навигатор-сбс',7825466405,гуп 'водоканал санкт-петербурга',7830000426,17.12.2015,15.01.2016
239494,2121 -2015,красносельский,"ул.дзержинского, от красносельского ш. до российского пер., включая перекресток с 2-ой, 3-ей, 4-ой и 5-ой линиями",полное закрытие дв.,ооо 'навигатор-сбс',7825466405,гуп 'водоканал санкт-петербурга',7830000426,17.12.2015,15.01.2016
239495,2122 -2015,красносельский,"5-я линия, от российской ул. до ул.дзержинского",полное закрытие дв.,ооо 'навигатор-сбс',7825466405,гуп 'водоканал санкт-петербурга',7830000426,17.12.2015,15.01.2016
239496,2123 -2015,красносельский,"6-я линия, от российской ул. до ул.красных партизан",полное закрытие дв.,ооо 'навигатор-сбс',7825466405,гуп 'водоканал санкт-петербурга',7830000426,17.12.2015,15.01.2016
239498,2124 -2015,красносельский,"ул.красных партизан, от красносельского ш. до 6-й линии",полное закрытие дв.,ооо 'навигатор-сбс',7825466405,гуп 'водоканал санкт-петербурга',7830000426,17.12.2015,15.01.2016
239502,2125 -2015,петродворцовый,"железнодорожная ул., от горчаковской ул. до конца улицы, включая перекресток с пер.кшесинской",полное закрытие дв.,ооо 'навигатор-сбс',7825466405,гуп 'водоканал санкт-петербурга',7830000426,17.12.2015,15.01.2016
239500,2104 -2015,калининский,"пр.непокорённых, (нечетная сторона,боковой проезд) от меншиковского пр. до пискарёвского пр.",полное закрытие дв.,оао 'мостострой №6',7812046562,спб гку 'дирекция транспортного строительства',7825342390,17.12.2015,19.02.2016
239503,2105 -2015,калининский,"ул.верности, (четная сторона) от меншиковского пр. до ул. руставели",закрытие одного напр,оао 'мостострой №6',7812046562,спб гку 'дирекция транспортного строительства',7825342390,17.12.2015,19.02.2016
239504,2106 -2015,калининский,"ул.верности, (нечетная сторона) от ул. руставели до меншиковского пр.",закрытие одного напр,оао 'мостострой №6',7812046562,спб гку 'дирекция транспортного строительства',7825342390,17.12.2015,19.02.2016
239505,2107 -2015,калининский,"меншиковский пр., от пр. непокорённых до ул. верности",закрытие одного напр,оао 'мостострой №6',7812046562,спб гку 'дирекция транспортного строительства',7825342390,17.12.2015,19.02.2016
239507,2108 -2015,калининский,"пр.непокорённых, от меншиковского пр. до пискарёвского пр.",огранич.движения,оао 'мостострой №6',7812046562,спб гку 'дирекция транспортного строительства',7825342390,17.12.2015,19.02.2016
239508,2109 -2015,калининский,"меншиковский пр., от конца улицы до пр. непокорённых",закрытие одного напр,оао 'мостострой №6',7812046562,спб гку 'дирекция транспортного строительства',7825342390,17.12.2015,19.02.2016
239516,2101 -2015,центральный,"9-я советская ул., (нечетная сторона) от греческого пр. до фуражного пер.",огранич.движения,ооо 'профиль',7802182380,ооо 'балт инвест групп',7814470696,14.12.2015,24.12.2015
239517,2110 -2015,калининский,"г. санкт-петербург, вдоль ж/д от пискарёвского пр. до меншиковского пр.",закрытие одного напр,оао 'мостострой №6',7812046562,спб гку 'дирекция транспортного строительства',7825342390,17.12.2015,19.02.2016
239518,2111 -2015,калининский,"пискарёвский пр., (четная сторона,боковой проезд) от пр. непокорённых до д. 50 по пискарёвскому пр.",полное закрытие дв.,оао 'мостострой №6',7812046562,спб гку 'дирекция транспортного строительства',7825342390,17.12.2015,19.02.2016
239519,2102 -2015,адмиралтейский,"наб.р.фонтанки, (нечетная сторона) от пер.макаренко до наб.крюкова канала",огранич.движения,ао 'нежилой фонд консалт',7825364604,ао 'нежилой фонд консалт',7825364604,14.12.2015,31.10.2016
239520,2112 -2015,калининский,"пискарёвский пр., от волго-донского пр. до ул. руставели",огранич.движения,оао 'мостострой №6',7812046562,спб гку 'дирекция транспортного строительства',7825342390,17.12.2015,19.02.2016
239521,2113 -2015,калининский,"пискарёвский пр., (четная сторона,боковой проезд) от ул. руставели до пр. непокорённых",полное закрытие дв.,оао 'мостострой №6',7812046562,спб гку 'дирекция транспортного строительства',7825342390,17.12.2015,19.02.2016
239523,2114 -2015,калининский,"шафировский пр., (четная сторона,боковой проезд) от ж/д переезда до пискарёвского пр.",полное закрытие дв.,оао 'мостострой №6',7812046562,спб гку 'дирекция транспортного строительства',7825342390,17.12.2015,19.02.2016
239536,2115 -2015,калининский,"пискарёвский пр., (нечетная сторона,боковой проезд) от шафировского пр. до ул. руставели",полное закрытие дв.,оао 'мостострой №6',7812046562,спб гку 'дирекция транспортного строительства',7825342390,17.12.2015,19.02.2016
239539,2103 -2015,центральный,"калужский пер., в створе тверской ул.",полное закрытие дв.,ооо 'мтэр санкт-петербург',7839450780,оао 'теплосеть санкт-петербурга',7810577007,15.12.2015,28.12.2015
